Function;sum
CROP;
;3493989.62088
corn;4849886.60565
soybean;4024334.05654
wheat;185137.729205
