Function;sum
CROP;
;6604234.06791
alfalfa/hay;46389.631854
corn;2808138.02082
soybean;2651839.70125
wheat;435992.527206
