Function;sum
CROP;
;2385018.09293
corn;3732303.87127
soybean;6372394.38133
wheat;63739.2518163
