Function;sum
CROP;
;2710074.35715
corn;2776915.51299
soybean;6937379.54477
wheat;130136.732507
