Function;sum
CROP;
;7533681.5579
corn;2363606.52389
soy;39643.2260455
soybean;2617061.58764
