Function;sum
CROP;
;6686194.19187
corn;1028740.28891
soybean;4787541.08264
wheat;51306.3399592
