Function;sum
CROP;
;3037146.07178
corn;3720955.11273
sorghum;24810.035578
soybean;5105050.15606
wheat;665563.144212
