Function;sum
CROP;
;4267848.54187
corn;3942911.60887
hay/alfalfa;70656.911555
soybean;4272172.84683
