Function;sum
CROP;
;3026977.28704
corn;6123081.36985
soybean;3230051.1719
wheat;173451.494397
